"","SNP","PVal"
"1","rs848208",2.03894414135815
"2","rs10492990",1.93609552364524
"3","rs725389",1.70517053508726
"4","rs10489155",2.13290128206076
"5","rs10493028",1.8511261118543
"6","rs10493029",1.8511261118543
"7","rs2050473",1.8511261118543
"8","rs2075933",2.12713906927776
"9","rs10493058",2.1822043334914
"10","rs709397",1.72598277931763
"11","rs2793626",1.93386031157425
"12","rs2984908",1.92385669737151
"13","rs6673313",1.84074254717304
"14","rs2366208",1.93655596492495
"15","rs10489494",2.05325751574695
"16","rs1171278",2.29949880366066
"17","rs6588193",1.81587188213638
"18","rs1251465",2.10930740275059
"19","rs1489402",1.92996387867172
"20","rs7533063",1.92996387867172
"21","rs10493622",1.76402654220018
"22","rs1768737",1.7192005961181
"23","rs318419",1.7192005961181
"24","rs318416",1.77603392276839
"25","rs3766023",2.40615294239474
"26","rs4658149",1.78848478753353
"27","rs10493858",2.025883102895
"28","rs696620",2.56705355728197
"29","rs10489720",1.8511261118543
"30","rs10493955",1.93615441729729
"31","rs1948369",1.72916005707598
"32","rs1938348",1.84685903304748
"33","rs1928326",1.97545667532834
"34","rs4253924",2.08994791454498
"35","rs1928322",1.97545667532834
"36","rs10494042",1.89459143066274
"37","rs1831385",1.89459143066274
"38","rs2337023",1.89459143066274
"39","rs6677149",1.76389048503166
"40","rs10494124",1.75906681448226
"41","rs958689",1.87172286215212
"42","rs6695488",1.92981429815583
"43","rs10494245",2.32586816087895
"44","rs6719",3.84711736189044
"45","rs2220390",2.72621275963695
"46","rs1194596",2.82333551089121
"47","rs10489673",2.20162961033533
"48","rs3761959",2.37472001213652
"49","rs10489683",1.7192005961181
"50","rs10489821",1.71990622594305
"51","rs3087211",1.89114039976821
"52","rs3087212",1.71990622594305
"53","rs10489823",1.71990622594305
"54","rs3021476",1.71990622594305
"55","rs919477",1.99270271626908
"56","rs1704745",1.89362511177663
"57","rs2999859",2.7515370300213
"58","rs10494469",1.73730000112809
"59","rs10494470",1.73730000112809
"60","rs10489361",2.34247850825031
"61","rs4651221",1.83986329618471
"62","rs7516899",2.0444054800583
"63","rs6663130",1.8680817688987
"64","rs10494685",1.73467017304972
"65","rs10494688",1.77012804336551
"66","rs696392",2.12741287920422
"67","rs380390",2.85202243622586
"68","rs1329428",3.60505080141213
"69","rs1853882",1.87205516531736
"70","rs1971579",1.99180891849081
"71","rs10494752",1.86733504904364
"72","rs1296210",2.11157782077914
"73","rs706494",2.2035592250913
"74","rs4400672",2.87161915754761
"75","rs9326613",1.95239114110995
"76","rs4844845",2.20441232583659
"77","rs2092254",1.79438142499279
"78","rs1223791",2.35063434962905
"79","rs1223792",2.35063434962905
"80","rs1236514",2.35063434962905
"81","rs1223798",2.88330419346419
"82","rs1223799",2.35063434962905
"83","rs1223801",2.35063434962905
"84","rs1223802",2.35063434962905
"85","rs6658528",1.71661851364754
"86","rs10495115",1.96349360762704
"87","rs4653643",1.86966690119235
"88","rs576861",2.33826409252542
"89","rs10495289",2.32388362530494
"90","rs2478518",1.76389048503166
"91","rs2282428",2.14390142193157
"92","rs531322",2.30716157857868
"93","rs501975",2.27209432535188
"94","rs481036",2.39017070218897
"95","rs732160",1.98569616357045
"96","rs485412",1.98970505602811
"97","rs613188",1.99180891849081
"98","rs531981",1.99180891849081
"99","rs613623",1.82741074679797
"100","rs540933",2.05528297684126
